<?xml version='1.1' encoding='UTF-8'?>
<org.jvnet.hudson.plugins.thinbackup.backup.PluginList plugin="thinBackup@1.18">
  <plugins>
    <entry>
      <string>pipeline-milestone-step</string>
      <string>111.v449306f708b_7</string>
    </entry>
    <entry>
      <string>mina-sshd-api-core</string>
      <string>2.12.0-90.v9f7fb_9fa_3d3b_</string>
    </entry>
    <entry>
      <string>jakarta-activation-api</string>
      <string>2.0.1-3</string>
    </entry>
    <entry>
      <string>github-branch-source</string>
      <string>1772.va_69eda_d018d4</string>
    </entry>
    <entry>
      <string>snakeyaml-api</string>
      <string>2.2-111.vc6598e30cc65</string>
    </entry>
    <entry>
      <string>gson-api</string>
      <string>2.10.1-15.v0d99f670e0a_7</string>
    </entry>
    <entry>
      <string>pipeline-github-lib</string>
      <string>42.v0739460cda_c4</string>
    </entry>
    <entry>
      <string>trilead-api</string>
      <string>2.133.vfb_8a_7b_9c5dd1</string>
    </entry>
    <entry>
      <string>commons-text-api</string>
      <string>1.11.0-95.v22a_d30ee5d36</string>
    </entry>
    <entry>
      <string>deploy</string>
      <string>1.16</string>
    </entry>
    <entry>
      <string>workflow-multibranch</string>
      <string>773.vc4fe1378f1d5</string>
    </entry>
    <entry>
      <string>javax-mail-api</string>
      <string>1.6.2-9</string>
    </entry>
    <entry>
      <string>joda-time-api</string>
      <string>2.12.6-21.vca_fd74418fb_7</string>
    </entry>
    <entry>
      <string>ldap</string>
      <string>711.vb_d1a_491714dc</string>
    </entry>
    <entry>
      <string>pipeline-stage-tags-metadata</string>
      <string>2.2175.v76a_fff0a_2618</string>
    </entry>
    <entry>
      <string>javax-activation-api</string>
      <string>1.2.0-6</string>
    </entry>
    <entry>
      <string>plugin-util-api</string>
      <string>3.8.0</string>
    </entry>
    <entry>
      <string>git-client</string>
      <string>4.6.0</string>
    </entry>
    <entry>
      <string>scm-api</string>
      <string>683.vb_16722fb_b_80b_</string>
    </entry>
    <entry>
      <string>variant</string>
      <string>60.v7290fc0eb_b_cd</string>
    </entry>
    <entry>
      <string>pipeline-stage-step</string>
      <string>305.ve96d0205c1c6</string>
    </entry>
    <entry>
      <string>font-awesome-api</string>
      <string>6.5.1-2</string>
    </entry>
    <entry>
      <string>email-ext</string>
      <string>2.104</string>
    </entry>
    <entry>
      <string>pipeline-model-extensions</string>
      <string>2.2175.v76a_fff0a_2618</string>
    </entry>
    <entry>
      <string>github</string>
      <string>1.37.3.1</string>
    </entry>
    <entry>
      <string>build-timeout</string>
      <string>1.32</string>
    </entry>
    <entry>
      <string>pipeline-groovy-lib</string>
      <string>704.vc58b_8890a_384</string>
    </entry>
    <entry>
      <string>workflow-support</string>
      <string>865.v43e78cc44e0d</string>
    </entry>
    <entry>
      <string>checks-api</string>
      <string>2.0.2</string>
    </entry>
    <entry>
      <string>mailer</string>
      <string>463.vedf8358e006b_</string>
    </entry>
    <entry>
      <string>antisamy-markup-formatter</string>
      <string>162.v0e6ec0fcfcf6</string>
    </entry>
    <entry>
      <string>jackson2-api</string>
      <string>2.16.1-373.ve709c6871598</string>
    </entry>
    <entry>
      <string>pipeline-rest-api</string>
      <string>2.34</string>
    </entry>
    <entry>
      <string>workflow-scm-step</string>
      <string>415.v434365564324</string>
    </entry>
    <entry>
      <string>jakarta-mail-api</string>
      <string>2.0.1-3</string>
    </entry>
    <entry>
      <string>ws-cleanup</string>
      <string>0.45</string>
    </entry>
    <entry>
      <string>pipeline-model-api</string>
      <string>2.2175.v76a_fff0a_2618</string>
    </entry>
    <entry>
      <string>token-macro</string>
      <string>400.v35420b_922dcb_</string>
    </entry>
    <entry>
      <string>pipeline-input-step</string>
      <string>477.v339683a_8d55e</string>
    </entry>
    <entry>
      <string>thinBackup</string>
      <string>1.18</string>
    </entry>
    <entry>
      <string>jquery3-api</string>
      <string>3.7.1-1</string>
    </entry>
    <entry>
      <string>okhttp-api</string>
      <string>4.11.0-157.v6852a_a_fa_ec11</string>
    </entry>
    <entry>
      <string>credentials-binding</string>
      <string>657.v2b_19db_7d6e6d</string>
    </entry>
    <entry>
      <string>workflow-aggregator</string>
      <string>596.v8c21c963d92d</string>
    </entry>
    <entry>
      <string>pipeline-build-step</string>
      <string>540.vb_e8849e1a_b_d8</string>
    </entry>
    <entry>
      <string>pipeline-stage-view</string>
      <string>2.34</string>
    </entry>
    <entry>
      <string>credentials</string>
      <string>1319.v7eb_51b_3a_c97b_</string>
    </entry>
    <entry>
      <string>mina-sshd-api-common</string>
      <string>2.12.0-90.v9f7fb_9fa_3d3b_</string>
    </entry>
    <entry>
      <string>pipeline-model-definition</string>
      <string>2.2175.v76a_fff0a_2618</string>
    </entry>
    <entry>
      <string>caffeine-api</string>
      <string>3.1.8-133.v17b_1ff2e0599</string>
    </entry>
    <entry>
      <string>instance-identity</string>
      <string>185.v303dc7c645f9</string>
    </entry>
    <entry>
      <string>workflow-step-api</string>
      <string>657.v03b_e8115821b_</string>
    </entry>
    <entry>
      <string>plain-credentials</string>
      <string>143.v1b_df8b_d3b_e48</string>
    </entry>
    <entry>
      <string>matrix-project</string>
      <string>822.824.v14451b_c0fd42</string>
    </entry>
    <entry>
      <string>resource-disposer</string>
      <string>0.23</string>
    </entry>
    <entry>
      <string>bouncycastle-api</string>
      <string>2.30.1.77-225.v26ea_c9455fd9</string>
    </entry>
    <entry>
      <string>jaxb</string>
      <string>2.3.9-1</string>
    </entry>
    <entry>
      <string>pam-auth</string>
      <string>1.10</string>
    </entry>
    <entry>
      <string>git</string>
      <string>5.2.1</string>
    </entry>
    <entry>
      <string>bootstrap5-api</string>
      <string>5.3.2-3</string>
    </entry>
    <entry>
      <string>workflow-durable-task-step</string>
      <string>1317.v5337e0c1fe28</string>
    </entry>
    <entry>
      <string>ssh-credentials</string>
      <string>308.ve4497b_ccd8f4</string>
    </entry>
    <entry>
      <string>cloudbees-folder</string>
      <string>6.858.v898218f3609d</string>
    </entry>
    <entry>
      <string>durable-task</string>
      <string>543.v262f6a_803410</string>
    </entry>
    <entry>
      <string>workflow-basic-steps</string>
      <string>1042.ve7b_140c4a_e0c</string>
    </entry>
    <entry>
      <string>workflow-job</string>
      <string>1385.vb_58b_86ea_fff1</string>
    </entry>
    <entry>
      <string>github-api</string>
      <string>1.318-461.v7a_c09c9fa_d63</string>
    </entry>
    <entry>
      <string>timestamper</string>
      <string>1.26</string>
    </entry>
    <entry>
      <string>junit</string>
      <string>1256.v002534a_5f33e</string>
    </entry>
    <entry>
      <string>pipeline-graph-analysis</string>
      <string>202.va_d268e64deb_3</string>
    </entry>
    <entry>
      <string>echarts-api</string>
      <string>5.4.3-2</string>
    </entry>
    <entry>
      <string>apache-httpcomponents-client-4-api</string>
      <string>4.5.14-208.v438351942757</string>
    </entry>
    <entry>
      <string>structs</string>
      <string>337.v1b_04ea_4df7c8</string>
    </entry>
    <entry>
      <string>ant</string>
      <string>497.v94e7d9fffa_b_9</string>
    </entry>
    <entry>
      <string>workflow-cps</string>
      <string>3853.vb_a_490d892963</string>
    </entry>
    <entry>
      <string>ssh-slaves</string>
      <string>2.948.vb_8050d697fec</string>
    </entry>
    <entry>
      <string>sshd</string>
      <string>3.322.v159e91f6a_550</string>
    </entry>
    <entry>
      <string>matrix-auth</string>
      <string>3.2.1</string>
    </entry>
    <entry>
      <string>gradle</string>
      <string>2.9</string>
    </entry>
    <entry>
      <string>jjwt-api</string>
      <string>0.11.5-77.v646c772fddb_0</string>
    </entry>
    <entry>
      <string>ionicons-api</string>
      <string>56.v1b_1c8c49374e</string>
    </entry>
    <entry>
      <string>commons-lang3-api</string>
      <string>3.13.0-62.v7d18e55f51e2</string>
    </entry>
    <entry>
      <string>display-url-api</string>
      <string>2.200.vb_9327d658781</string>
    </entry>
    <entry>
      <string>json-path-api</string>
      <string>2.9.0-33.v2527142f2e1d</string>
    </entry>
    <entry>
      <string>script-security</string>
      <string>1313.v7a_6067dc7087</string>
    </entry>
    <entry>
      <string>branch-api</string>
      <string>2.1144.v1425d1c3d5a_7</string>
    </entry>
    <entry>
      <string>Hudson core</string>
      <string>2.426.3</string>
    </entry>
    <entry>
      <string>workflow-api</string>
      <string>1289.va_cf779f32df0</string>
    </entry>
  </plugins>
  <pluginsXml>backup_jenkins_project/FULL-2024-01-31_03-49/installedPlugins.xml</pluginsXml>
</org.jvnet.hudson.plugins.thinbackup.backup.PluginList>